{
    "Cars": [
        {
            "task_accuracy/Cars": 0.9977614879608154,
            "task_survival/Cars": 0.9985076189041138,
            "acc/test/Cars": 0.8495212197303772,
            "loss/test/Cars": 0.5779837369918823,
            "normalized_acc/test/Cars": 0.969623863697052
        }
    ],
    "DTD": [
        {
            "task_accuracy/DTD": 0.854738712310791,
            "task_survival/DTD": 0.9061115980148315,
            "acc/test/DTD": 0.879539430141449,
            "loss/test/DTD": 1.4729459285736084,
            "normalized_acc/test/DTD": 0.894769549369812
        }
    ],
    "EuroSAT": [
        {
            "task_accuracy/EuroSAT": 0.996666669845581,
            "task_survival/EuroSAT": 0.9988889098167419,
            "acc/test/EuroSAT": 0.9940740466117859,
            "loss/test/EuroSAT": 0.035251881927251816,
            "normalized_acc/test/EuroSAT": 1.0052434206008911
        }
    ],
    "GTSRB": [
        {
            "task_accuracy/GTSRB": 0.9922406673431396,
            "task_survival/GTSRB": 0.9959620237350464,
            "acc/test/GTSRB": 0.9837688207626343,
            "loss/test/GTSRB": 0.12622936069965363,
            "normalized_acc/test/GTSRB": 0.9936820268630981
        }
    ],
    "MNIST": [
        {
            "task_accuracy/MNIST": 1.0,
            "task_survival/MNIST": 1.0,
            "acc/test/MNIST": 0.9976999759674072,
            "loss/test/MNIST": 0.021254045888781548,
            "normalized_acc/test/MNIST": 1.0002005100250244
        }
    ],
    "RESISC45": [
        {
            "task_accuracy/RESISC45": 0.996666669845581,
            "task_survival/RESISC45": 0.9988889098167419,
            "acc/test/RESISC45": 0.9549206495285034,
            "loss/test/RESISC45": 0.24100662767887115,
            "normalized_acc/test/RESISC45": 0.9850990772247314
        }
    ],
    "SUN397": [
        {
            "task_accuracy/SUN397": 0.9821662306785583,
            "task_survival/SUN397": 0.9895718097686768,
            "acc/test/SUN397": 0.755969762802124,
            "loss/test/SUN397": 1.3315327167510986,
            "normalized_acc/test/SUN397": 0.9592175483703613
        }
    ],
    "SVHN": [
        {
            "task_accuracy/SVHN": 0.9991933107376099,
            "task_survival/SVHN": 0.9997695088386536,
            "acc/test/SVHN": 0.9775660634040833,
            "loss/test/SVHN": 0.10057748109102249,
            "normalized_acc/test/SVHN": 0.9993324279785156
        }
    ],
    "CIFAR100": [
        {
            "task_accuracy/CIFAR100": 0.989799976348877,
            "task_survival/CIFAR100": 0.9958999752998352,
            "acc/test/CIFAR100": 0.8853999972343445,
            "loss/test/CIFAR100": 0.6817511916160583,
            "normalized_acc/test/CIFAR100": 0.9760776162147522
        }
    ],
    "STL10": [
        {
            "task_accuracy/STL10": 0.781374990940094,
            "task_survival/STL10": 0.9148749709129333,
            "acc/test/STL10": 0.46399998664855957,
            "loss/test/STL10": 10.870193481445312,
            "normalized_acc/test/STL10": 0.47058820724487305
        }
    ],
    "Flowers102": [
        {
            "task_accuracy/Flowers102": 0.8970564603805542,
            "task_survival/Flowers102": 0.9279557466506958,
            "acc/test/Flowers102": 0.8820946216583252,
            "loss/test/Flowers102": 0.9127475023269653,
            "normalized_acc/test/Flowers102": 0.9408499002456665
        }
    ],
    "OxfordIIITPet": [
        {
            "task_accuracy/OxfordIIITPet": 0.9972744584083557,
            "task_survival/OxfordIIITPet": 0.9980921149253845,
            "acc/test/OxfordIIITPet": 0.9449441432952881,
            "loss/test/OxfordIIITPet": 0.3627704679965973,
            "normalized_acc/test/OxfordIIITPet": 1.0
        }
    ],
    "PCAM": [
        {
            "task_accuracy/PCAM": 0.999755859375,
            "task_survival/PCAM": 0.999847412109375,
            "acc/test/PCAM": 0.896453857421875,
            "loss/test/PCAM": 0.3078676164150238,
            "normalized_acc/test/PCAM": 1.0052013397216797
        }
    ],
    "FER2013": [
        {
            "task_accuracy/FER2013": 0.9986068606376648,
            "task_survival/FER2013": 0.9988855123519897,
            "acc/test/FER2013": 0.7407355904579163,
            "loss/test/FER2013": 1.0214608907699585,
            "normalized_acc/test/FER2013": 0.9908684492111206
        }
    ],
    "avg": [
        {
            "acc/test/avg": 0.8719062975474766,
            "normalized_acc/test/avg": 0.9421967097691127
        }
    ]
}