{
    "GTSRB": [
        {
            "task_accuracy/GTSRB": 1.0,
            "task_survival/GTSRB": 1.0,
            "acc/test/GTSRB": 1.0,
            "loss/test/GTSRB": 0.0016670578625053167,
            "normalized_acc/test/GTSRB": 1.000751256942749
        }
    ],
    "MNIST": [
        {
            "task_accuracy/MNIST": 1.0,
            "task_survival/MNIST": 1.0,
            "acc/test/MNIST": 0.996874988079071,
            "loss/test/MNIST": 0.00774352764710784,
            "normalized_acc/test/MNIST": 1.001280665397644
        }
    ],
    "avg": [
        {
            "acc/test/avg": 0.9984374940395355,
            "normalized_acc/test/avg": 1.0010159611701965
        }
    ]
}