{
  "Cars": [
    {
      "acc/test": 0.819922924041748,
      "loss/test": 0.6587746143341064,
      "acc/test_normalized": 1.0510508034172958
    }
  ],
  "DTD": [
    {
      "acc/test": 0.9592559933662415,
      "loss/test": 0.4443546235561371,
      "acc/test_normalized": 1.221264966723612
    }
  ],
  "EuroSAT": [
    {
      "acc/test": 0.9162963032722473,
      "loss/test": 0.6224777698516846,
      "acc/test_normalized": 0.9252056914117681
    }
  ],
  "GTSRB": [
    {
      "acc/test": 0.94608074426651,
      "loss/test": 0.7722163796424866,
      "acc/test_normalized": 0.9467915487325254
    }
  ],
  "MNIST": [
    {
      "acc/test": 0.996999979019165,
      "loss/test": 0.0151750473305583,
      "acc/test_normalized": 1.001406166150226
    }
  ],
  "RESISC45": [
    {
      "acc/test": 0.8285714387893677,
      "loss/test": 2.667940139770508,
      "acc/test_normalized": 0.8609125999515695
    }
  ],
  "SVHN": [
    {
      "acc/test": 0.9519437551498413,
      "loss/test": 0.20834660530090332,
      "acc/test_normalized": 0.9876984386281815
    }
  ],
  "SUN397": [
    {
      "acc/test": 0.694055438041687,
      "loss/test": 2.2686121463775635,
      "acc/test_normalized": 0.9203073109637601
    }
  ],
  "Average": [
    {
      "acc/test_average": 0.889140821993351,
      "acc/test_normalized_average": 0.9893296907473673
    }
  ]
}